name,sequence,complement,length,binarygc content (%),molecular weight (g/mol),extinction (M-1 cm-1),Tm (C),salt adjusted melting temp (C),delta H kcal/mol,delta S cal/(mol*k)
Seq 1,TCAGAAGAACAAAAAAAAAA,AGTCTTCTTGTTTTTTTTTT,20,1101001000001000000100000000000000000000,20,6177.169999999999,228200,58.88,-144.6,-402.6
Seq 2,ACGCATTTGTCGTTCTTCTGATGACCTTGCA,TGCGTAAACAGCAAGAAGACTACTGGAACGT,31,00011001001111111011011011110111110111100011100001011111100100,45,9443.19,282000,76.14,-245.6,-661.2
Seq 3,GTACACCTCGCTTTAGTAGTTGTGTCTGCAA,CATGTGGAGCGAAATCATCAACACAGACGTT,31,10110001000101110110011111110010110010111110111011011110010000,45,9492.23,292100,75.25,-244.5,-659.9
Seq 4,GTACACCTCGCGTTTGAGGTAGCGCTAGCTTGTGTCTGCAA,CATGTGGAGCGCAAACTCCATCGCGATCGAACACAGACGTT,41,1011000100010111011001101111111000101011001001100111001001111110111011011110010000,54,12623.23,383100,82.4,-335.4,-893.4
Seq 5,ACGCATTTGTCGTTCTTCTGACCTATGCGCCATGACCTTGCA,TGCGTAAACAGCAAGAAGACTGGATACGCGGTACTGGAACGT,42,000110010011111110110110111101111101111000010111001110011001010011100001011111100100,50,12782.330000000002,379000,82.56,-339.4,-904.8
Seq 6,AGAAGAACAAAGACTGCATGCAGTAGGTC,TCTTCTTGTTTCTGACGTACGTCATCCAG,29,0010000010000001000000100001111001001110010010110010101101,45,8992.94,302800,73.47,-225.7,-610.5
Seq 7,AGAAGAACAAAAACAGCATGATCAGCGATCACTCAGGGTCTCTGGCGCATAGGTC,TCTTCTTGTTTTTGTCGTACTAGTCGCTAGTGAGTCCCAGAGACCGCGTATCCAG,55,00100000100000010000000000010010010011100011010010011000110100011101001010101101110111101001100100110010101101,49,16995.11,550100,83.48,-442.3,-1183.9
Seq 8,GTACACCTCGCGTTTTTTGCATAGCATCGACGTACTGTCTGCAA,CATGTGGAGCGCAAAAAACGTATCGTAGCTGCATGACAGACGTT,44,1011000100010111011001101111111111111001001100100100110110000110110001111011011110010000,48,13448.78,409400,80.97,-359.5,-964.9
Seq 9,ACGCATTTGTCGTTCTTCTGACCTATGCGCCAGAGACCCTGATGACCTTGCA,TGCGTAAACAGCAAGAAGACTGGATACGCGGTCTCTGGGACTACTGGAACGT,52,00011001001111111011011011110111110111100001011100111001100101001000100001010111100011100001011111100100,52,15881.33,477600,85.13,-420.3,-1117.5
Seq 10,TCAGAAGAACGCGCGCGCGC,AGTCTTCTTGCGCGCGCGCG,20,1101001000001000000110011001100110011001,70,6137.0199999999995,189900,75.71,-171.9,-453.1
Seq 11,GTACACCTCGAGCGCGCGCGCTTGTCTGCAA,CATGTGGAGCTCGCGCGCGCGAACAGACGTT,31,10110001000101110110001001100110011001100111111011011110010000,65,9473.16,281600,82.2,-263.2,-694.2
Seq 12,TTGCAGACAAGACAAATGCGT,AACGTCTGTTCTGTTTACGCA,21,111110010010000100001000010000001110011011,43,6463.29,211700,68.51,-162.9,-440.6
Seq 13,TTGCAGACACGACAAATGCGT,AACGTCTGTGCTGTTTACGCA,21,111110010010000100011000010000001110011011,48,6439.26,206500,70.27,-166.5,-447.9
Seq 14,TGCAAGGTCCGCGAGGTGTAC,ACGTTCCAGGCGCTCCACATG,21,111001000010101101011001100010101110110001,62,6487.259999999999,202300,75.02,-168.3,-444.8
Seq 15,GCAAAAAAAAAATCTATAAGCGCAGGGT,CGTTTTTTTTTTAGATATTCGCGTCCCA,28,10010000000000000000000011011100110000100110010010101011,36,8671.76,295400,72.32,-215.4,-584.8
Seq 16,AGGCTGCGGTGGTACACCTCACTTATAGCGACTAGCTAGCTAGCGGACTGACTATGCAA,TCCGACGCCACCATGTGGAGTGAATATCGCTGATCGATCGATCGCCTGACTGATACGTT,59,0010100111100110101110101100010001011101000111110011001001100001110010011100100111001001101000011110000111001110010000,53,18195.850000000002,568700,86.52,-476.7,-1265.4
Seq 17,ACGCATTTGTCGTTCTTCTTTTTTTTGCCACAGAGACCCTGCTGACCTTGCAATATCTCGCCAG,TGCGTAAACAGCAAGAAGAAAAAAAACGGTGTCTCTGGGACGACTGGAACGTTATAGAGCGGTC,64,00011001001111111011011011110111110111111111111111111001010001001000100001010111100111100001011111100100001100110111011001010010,47,19495.68,574700,84.83,-517.2,-1383.9
Seq 18,CTCTGTGGCAAAAAAAAGAAGAACAAAAAAAAAAGC,GAGACACCGTTTTTTTTCTTCTTGTTTTTTTTTTCG,36,011101111011101001000000000000000010000010000001000000000000000000001001,31,11162.42,387500,72.61,-278.6,-764.1
Seq 19,TGAGGTGTACCACCGCAGCCTCTGGCGAGATATTGCAAGGTC,ACTCCACATGGTGGCGTCGGAGACCGCTCTATAACGTTCCAG,42,111000101011101100010100010110010010010111011110100110001000110011111001000010101101,57,12955.44,400300,84.84,-339.3,-896.9
Seq 20,CAAAAAAAAAACGCTCAGGGTCTCTGAAAAAAAAATC,GTTTTTTTTTTGCGAGTCCCAGAGACTTTTTTTTTAG,37,01000000000000000000000110011101001010101101110111100000000000000000001101,32,11393.55,384600,73.57,-287.1,-785.7
Seq 21,AGGCTGCGGTGGTACACCTCGCGACAACACACGTGACGTAC,TCCGACGCCACCATGTGGAGCGCTGTTGTGTGCACTGCATG,41,0010100111100110101110101100010001011101100110000100000100010001101110000110110001,61,12605.2,392200,85.14,-342.3,-903.4
Seq 22,ACGCATTTGTCGTTCTTCTGATTTAGCAGCTCTCAGAGACCCTGATGACCTTGCAATATCTCGCCAG,TGCGTAAACAGCAAGAAGACTAAATCGTCGAGAGTCTCTGGGACTACTGGAACGTTATAGAGCGGTC,67,00011001001111111011011011110111110111100011111100100100100111011101001000100001010111100011100001011111100100001100110111011001010010,48,20485.33,620100,84.43,-540.6,-1449.0
Seq 23,AGAAGAACAAAAAAAAAAGCGCAGTGC,TCTTCTTGTTTTTTTTTTCGCGTCACG,27,001000001000000100000000000000000000100110010010111001,37,8385.58,294300,71.03,-211.1,-574.8
Seq 24,TACCACCGCAGCCTCTGGCGAGATATTGCAAGGTCCGAGGTG,ATGGTGGCGTCGGAGACCGCTCTATAACGTTCCAGGCTCCAC,42,110001010001011001001001011101111010011000100011001111100100001010110101100010101110,60,12940.42,399300,85.91,-341.0,-898.0
Seq 25,TTGCAGACACGACAAATGCGT,AACGTCTGTGCTGTTTACGCA,21,111110010010000100011000010000001110011011,48,6439.26,206500,70.27,-166.5,-447.9
